Acura,,,,,
Acura,,,,,
Acura,,,,,
Acura,,,,,
Acura,,,,,
Acura,,,,,
Acura,,,,,
Acura,,,,,
Acura,,,,,
Acura,,,,,
Acura,,,,,
Acura,,,,,
Acura,,,,,
Acura,,,,,
Acura,,,,,
Acura,,,,,
Alfa Romeo,,,,,
Alfa Romeo,,,,,
Alfa Romeo,,,,,
Alfa Romeo,,,,,
Alfa Romeo,,,,,
Alfa Romeo,,,,,
Alfa Romeo,,,,,
Alfa Romeo,,,,,
Alfa Romeo,,,,,
Alfa Romeo,,,,,
Alfa Romeo,,,,,
Alfa Romeo,,,,,
Alfa Romeo,,,,,
Alfa Romeo,,,,,
Alfa Romeo,,,,,
Alfa Romeo,,,,,
Alfa Romeo,,,,,
Alfa Romeo,,,,,
Aston Martin,,,,,
Aston Martin,,,,,
Aston Martin,,,,,
Aston Martin,,,,,
Aston Martin,,,,,
Aston Martin,,,,,
Aston Martin,,,,,
Aston Martin,,,,,
Aston Martin,,,,,
Aston Martin,,,,,
Aston Martin,,,,,
Aston Martin,,,,,
Aston Martin,,,,,
Aston Martin,,,,,
Aston Martin,,,,,
Aston Martin,,,,,
Audi,,,,,
Audi,,,,,
Audi,,,,,
Audi,,,,,
Audi,,,,,
Audi,,,,,
Audi,,,,,
Audi,,,,,
Audi,,,,,
Audi,,,,,
Audi,,,,,
Audi,,,,,
Audi,,,,,
Audi,,,,,
Audi,,,,,
Audi,,,,,
Audi,,,,,
Audi,,,,,
Audi,,,,,
Audi,,,,,
Audi,,,,,
Audi,,,,,
Audi,,,,,
Audi,,,,,
Audi,,,,,
Audi,,,,,
Audi,,,,,
Audi,,,,,
Audi,,,,,
Audi,,,,,
Audi,,,,,
Audi,,,,,
Audi,,,,,
Audi,,,,,
Audi,,,,,
Audi,,,,,
Audi,,,,,
Audi,,,,,
Audi,,,,,
Audi,,,,,
Audi,,,,,
Audi,,,,,
Audi,,,,,
Audi,,,,,
Audi,,,,,
Audi,,,,,
Audi,,,,,
Audi,,,,,
Bentley,,,,,
Bentley,,,,,
Bentley,,,,,
Bentley,,,,,
Bentley,,,,,
Bentley,,,,,
Bentley,,,,,
Bentley,,,,,
Bentley,,,,,
BMW,,,,,
BMW,,,,,
BMW,,,,,
BMW,,,,,
BMW,,,,,
BMW,,,,,
BMW,,,,,
BMW,,,,,
BMW,,,,,
BMW,,,,,
BMW,,,,,
BMW,,,,,
BMW,,,,,
BMW,,,,,
BMW,,,,,
BMW,,,,,
BMW,,,,,
BMW,,,,,
BMW,,,,,
BMW,,,,,
BMW,,,,,
BMW,,,,,
BMW,,,,,
BMW,,,,,
BMW,,,,,
BMW,,,,,
BMW,,,,,
BMW,,,,,
BMW,,,,,
BMW,,,,,
BMW,,,,,
BMW,,,,,
BMW,,,,,
Brilliance,,,,,
Brilliance,,,,,
Brilliance,,,,,
Bugatti,,,,,
Bugatti,,,,,
Buick,,,,,
Buick,,,,,
Buick,,,,,
Buick,,,,,
Buick,,,,,
Buick,,,,,
Buick,,,,,
Buick,,,,,
Buick,,,,,
Buick,,,,,
Buick,,,,,
Buick,,,,,
Buick,,,,,
Buick,,,,,
BYD,,,,,
Cadillac,,,,,
Cadillac,,,,,
Cadillac,,,,,
Cadillac,,,,,
Cadillac,,,,,
Cadillac,,,,,
Cadillac,,,,,
Cadillac,,,,,
Cadillac,,,,,
Cadillac,,,,,
Cadillac,,,,,
Cadillac,,,,,
Cadillac,,,,,
Cadillac,,,,,
Cadillac,,,,,
Cadillac,,,,,
Cadillac,,,,,
Cadillac,,,,,
Cadillac,,,,,
Cadillac,,,,,
Cadillac,,,,,
Cadillac,,,,,
Changan,,,,,
Changan,,,,,
Changan,,,,,
Changan,,,,,
Changan,,,,,
Changan,,,,,
Changan,,,,,
Changan,,,,,
Changan,,,,,
Changan,,,,,
Chery,,,,,
Chery,,,,,
Chery,,,,,
Chery,,,,,
Chery,,,,,
Chery,,,,,
Chery,,,,,
Chery,,,,,
Chery,,,,,
Chery,,,,,
Chery,,,,,
Chery,,,,,
Chery,,,,,
Chery,,,,,
Chery,,,,,
Chery,,,,,
Chery,,,,,
Chery,,,,,
Chery,,,,,
Chery,,,,,
Chery,,,,,
Chery,,,,,
Chery,,,,,
Chevrolet,,,,,
Chevrolet,,,,,
Chevrolet,,,,,
Chevrolet,,,,,
Chevrolet,,,,,
Chevrolet,,,,,
Chevrolet,,,,,
Chevrolet,,,,,
Chevrolet,,,,,
Chevrolet,,,,,
Chevrolet,,,,,
Chevrolet,,,,,
Chevrolet,,,,,
Chevrolet,,,,,
Chevrolet,,,,,
Chevrolet,,,,,
Chevrolet,,,,,
Chevrolet,,,,,
Chevrolet,,,,,
Chevrolet,,,,,
Chevrolet,,,,,
Chevrolet,,,,,
Chevrolet,,,,,
Chevrolet,,,,,
Chevrolet,,,,,
Chevrolet,,,,,
Chevrolet,,,,,
Chevrolet,,,,,
Chevrolet,,,,,
Chevrolet,,,,,
Chevrolet,,,,,
Chevrolet,,,,,
Chevrolet,,,,,
Chevrolet,,,,,
Chevrolet,,,,,
Chevrolet,,,,,
Chevrolet,,,,,
Chrysler,,,,,
Chrysler,,,,,
Chrysler,,,,,
Chrysler,,,,,
Chrysler,,,,,
Chrysler,,,,,
Chrysler,,,,,
Chrysler,,,,,
Chrysler,,,,,
Chrysler,,,,,
Chrysler,,,,,
Chrysler,,,,,
Citroen,,,,,
Citroen,,,,,
Citroen,,,,,
Citroen,,,,,
Citroen,,,,,
Citroen,,,,,
Citroen,,,,,
Citroen,,,,,
Citroen,,,,,
Citroen,,,,,
Citroen,,,,,
Citroen,,,,,
Citroen,,,,,
Citroen,,,,,
Citroen,,,,,
Citroen,,,,,
Citroen,,,,,
Citroen,,,,,
Citroen,,,,,
Citroen,,,,,
Citroen,,,,,
Citroen,,,,,
Citroen,,,,,
Citroen,,,,,
Citroen,,,,,
Citroen,,,,,
Citroen,,,,,
Citroen,,,,,
Citroen,,,,,
Dacia,,,,,
Dacia,,,,,
Dacia,,,,,
Dacia,,,,,
Dacia,,,,,
Daewoo,,,,,
Daewoo,,,,,
Daewoo,,,,,
Daewoo,,,,,
Daewoo,,,,,
Daewoo,,,,,
Daewoo,,,,,
Daihatsu,,,,,
Daihatsu,,,,,
Daihatsu,,,,,
Daihatsu,,,,,
Daihatsu,,,,,
Daihatsu,,,,,
Daihatsu,,,,,
Daihatsu,,,,,
Daihatsu,,,,,
Daihatsu,,,,,
Daihatsu,,,,,
Daihatsu,,,,,
Daihatsu,,,,,
Daihatsu,,,,,
Datsun,,,,,
Datsun,,,,,
Dodge,,,,,
Dodge,,,,,
Dodge,,,,,
Dodge,,,,,
Dodge,,,,,
Dodge,,,,,
Dodge,,,,,
Dodge,,,,,
Dodge,,,,,
Dodge,,,,,
Dodge,,,,,
Dodge,,,,,
Dodge,,,,,
Dodge,,,,,
Dodge,,,,,
Dodge,,,,,
Dodge,,,,,
Dodge,,,,,
Dodge,,,,,
Dodge,,,,,
Dongfeng,,,,,
Dongfeng,,,,,
Dongfeng,,,,,
Dongfeng,,,,,
Exeed,,,,,
Exeed,,,,,
FAW,,,,,
FAW,,,,,
FAW,,,,,
FAW,,,,,
FAW,,,,,
FAW,,,,,
FAW,,,,,
Ferrari,,,,,
Ferrari,,,,,
Ferrari,,,,,
Ferrari,,,,,
Ferrari,,,,,
Ferrari,,,,,
Ferrari,,,,,
Ferrari,,,,,
Ferrari,,,,,
Ferrari,,,,,
Ferrari,,,,,
Ferrari,,,,,
Ferrari,,,,,
Ferrari,,,,,
Ferrari,,,,,
Ferrari,,,,,
Ferrari,,,,,
Ferrari,,,,,
Ferrari,,,,,
Ferrari,,,,,
Ferrari,,,,,
Ferrari,,,,,
Ferrari,,,,,
Ferrari,,,,,
Ferrari,,,,,
Ferrari,,,,,
Ferrari,,,,,
Ferrari,,,,,
Ferrari,,,,,
Ferrari,,,,,
Ferrari,,,,,
Ferrari,,,,,
Fiat,,,,,
Fiat,,,,,
Fiat,,,,,
Fiat,,,,,
Fiat,,,,,
Fiat,,,,,
Fiat,,,,,
Fiat,,,,,
Fiat,,,,,
Fiat,,,,,
Fiat,,,,,
Fiat,,,,,
Fiat,,,,,
Fiat,,,,,
Fiat,,,,,
Fiat,,,,,
Fiat,,,,,
Fiat,,,,,
Fiat,,,,,
Fiat,,,,,
Fiat,,,,,
Fiat,,,,,
Fiat,,,,,
Fiat,,,,,
Fiat,,,,,
Fiat,,,,,
Fiat,,,,,
Fiat,,,,,
Fisker,,,,,
Ford,,,,,
Ford,,,,,
Ford,,,,,
Ford,,,,,
Ford,,,,,
Ford,,,,,
Ford,,,,,
Ford,,,,,
Ford,,,,,
Ford,,,,,
Ford,,,,,
Ford,,,,,
Ford,,,,,
Ford,,,,,
Ford,,,,,
Ford,,,,,
Ford,,,,,
Ford,,,,,
Ford,,,,,
Ford,,,,,
Ford,,,,,
Ford,,,,,
Ford,,,,,
Ford,,,,,
Ford,,,,,
Ford,,,,,
Ford,,,,,
Ford,,,,,
Ford,,,,,
Ford,,,,,
Ford,,,,,
Ford,,,,,
Ford,,,,,
Ford,,,,,
Ford,,,,,
Ford,,,,,
Ford,,,,,
Ford,,,,,
Ford,,,,,
Ford,,,,,
Ford,,,,,
Ford,,,,,
Ford,,,,,
Ford,,,,,
Ford,,,,,
Ford,,,,,
Foton,,,,,
GAC,,,,,
GAC,,,,,
GAC,,,,,
GAZ,,,,,
GAZ,,,,,
GAZ,,,,,
GAZ,,,,,
Geely,,,,,
Geely,,,,,
Geely,,,,,
Geely,,,,,
Geely,,,,,
Geely,,,,,
Geely,,,,,
Geely,,,,,
Geely,,,,,
Geely,,,,,
Geely,,,,,
Geely,,,,,
Genesis,,,,,
Genesis,,,,,
Genesis,,,,,
Genesis,,,,,
Genesis,,,,,
GMC,,,,,
GMC,,,,,
GMC,,,,,
GMC,,,,,
GMC,,,,,
GMC,,,,,
GMC,,,,,
GMC,,,,,
Great Wall,,,,,
Great Wall,,,,,
Great Wall,,,,,
Great Wall,,,,,
Great Wall,,,,,
Great Wall,,,,,
Great Wall,,,,,
Great Wall,,,,,
Great Wall,,,,,
Great Wall,,,,,
Great Wall,,,,,
Haval,,,,,
Haval,,,,,
Haval,,,,,
Haval,,,,,
Haval,,,,,
Haval,,,,,
Holden,,,,,
Holden,,,,,
Honda,,,,,
Honda,,,,,
Honda,,,,,
Honda,,,,,
Honda,,,,,
Honda,,,,,
Honda,,,,,
Honda,,,,,
Honda,,,,,
Honda,,,,,
Honda,,,,,
Honda,,,,,
Honda,,,,,
Honda,,,,,
Honda,,,,,
Honda,,,,,
Honda,,,,,
Honda,,,,,
Honda,,,,,
Honda,,,,,
Honda,,,,,
Honda,,,,,
Honda,,,,,
Honda,,,,,
Honda,,,,,
Hummer,,,,,
Hummer,,,,,
Hummer,,,,,
Hyundai,,,,,
Hyundai,,,,,
Hyundai,,,,,
Hyundai,,,,,
Hyundai,,,,,
Hyundai,,,,,
Hyundai,,,,,
Hyundai,,,,,
Hyundai,,,,,
Hyundai,,,,,
Hyundai,,,,,
Hyundai,,,,,
Hyundai,,,,,
Hyundai,,,,,
Hyundai,,,,,
Hyundai,,,,,
Hyundai,,,,,
Hyundai,,,,,
Hyundai,,,,,
Hyundai,,,,,
Hyundai,,,,,
Hyundai,,,,,
Hyundai,,,,,
Hyundai,,,,,
Hyundai,,,,,
Hyundai,,,,,
Hyundai,,,,,
Hyundai,,,,,
Hyundai,,,,,
Hyundai,,,,,
Hyundai,,,,,
Hyundai,,,,,
Hyundai,,,,,
Hyundai,,,,,
Hyundai,,,,,
Hyundai,,,,,
Hyundai,,,,,
Hyundai,,,,,
Hyundai,,,,,
Hyundai,,,,,
Hyundai,,,,,
Hyundai,,,,,
Hyundai,,,,,
Hyundai,,,,,
Hyundai,,,,,
Infiniti,,,,,
Infiniti,,,,,
Infiniti,,,,,
Infiniti,,,,,
Infiniti,,,,,
Infiniti,,,,,
Infiniti,,,,,
Infiniti,,,,,
Infiniti,,,,,
Infiniti,,,,,
Infiniti,,,,,
Infiniti,,,,,
Infiniti,,,,,
Infiniti,,,,,
Infiniti,,,,,
Infiniti,,,,,
Infiniti,,,,,
Infiniti,,,,,
Infiniti,,,,,
Infiniti,,,,,
Isuzu,,,,,
Isuzu,,,,,
Isuzu,,,,,
Isuzu,,,,,
Isuzu,,,,,
Isuzu,,,,,
Isuzu,,,,,
Isuzu,,,,,
Isuzu,,,,,
Isuzu,,,,,
Isuzu,,,,,
Iveco,,,,,
Jac,,,,,
Jac,,,,,
Jaguar,,,,,
Jaguar,,,,,
Jaguar,,,,,
Jaguar,,,,,
Jaguar,,,,,
Jaguar,,,,,
Jaguar,,,,,
Jaguar,,,,,
Jaguar,,,,,
Jaguar,,,,,
Jeep,,,,,
Jeep,,,,,
Jeep,,,,,
Jeep,,,,,
Jeep,,,,,
Jeep,,,,,
Jeep,,,,,
Jeep,,,,,
Jeep,,,,,
Jeep,,,,,
Kia,,,,,
Kia,,,,,
Kia,,,,,
Kia,,,,,
Kia,,,,,
Kia,,,,,
Kia,,,,,
Kia,,,,,
Kia,,,,,
Kia,,,,,
Kia,,,,,
Kia,,,,,
Kia,,,,,
Kia,,,,,
Kia,,,,,
Kia,,,,,
Kia,,,,,
Kia,,,,,
Kia,,,,,
Kia,,,,,
Kia,,,,,
Kia,,,,,
Kia,,,,,
Kia,,,,,
Kia,,,,,
Kia,,,,,
Kia,,,,,
Kia,,,,,
Kia,,,,,
Kia,,,,,
Kia,,,,,
Kia,,,,,
Kia,,,,,
Lamborghini,,,,,
Lamborghini,,,,,
Lamborghini,,,,,
Lamborghini,,,,,
Lamborghini,,,,,
Lamborghini,,,,,
Lamborghini,,,,,
Lamborghini,,,,,
Lancia,,,,,
Lancia,,,,,
Lancia,,,,,
Lancia,,,,,
Lancia,,,,,
Lancia,,,,,
Lancia,,,,,
Land Rover,,,,,
Land Rover,,,,,
Land Rover,,,,,
Land Rover,,,,,
Land Rover,,,,,
Land Rover,,,,,
Land Rover,,,,,
Land Rover,,,,,
Lexus,,,,,
Lexus,,,,,
Lexus,,,,,
Lexus,,,,,
Lexus,,,,,
Lexus,,,,,
Lexus,,,,,
Lexus,,,,,
Lexus,,,,,
Lexus,,,,,
Lexus,,,,,
Lexus,,,,,
Lexus,,,,,
Lexus,,,,,
Lexus,,,,,
Lexus,,,,,
Lexus,,,,,
Lifan,,,,,
Lifan,,,,,
Lifan,,,,,
Lifan,,,,,
Lifan,,,,,
Lifan,,,,,
Lifan,,,,,
Lincoln,,,,,
Lincoln,,,,,
Lincoln,,,,,
Lincoln,,,,,
Lincoln,,,,,
Lincoln,,,,,
Lincoln,,,,,
Lincoln,,,,,
Lincoln,,,,,
Lincoln,,,,,
Lincoln,,,,,
Lincoln,,,,,
Lotus,,,,,
Lotus,,,,,
Lotus,,,,,
Lotus,,,,,
Marussia,,,,,
Marussia,,,,,
Maserati,,,,,
Maserati,,,,,
Maserati,,,,,
Maserati,,,,,
Maserati,,,,,
Maserati,,,,,
Maserati,,,,,
Maserati,,,,,
Maserati,,,,,
Maybach,,,,,
Maybach,,,,,
Maybach,,,,,
Maybach,,,,,
Maybach,,,,,
Mazda,,,,,
Mazda,,,,,
Mazda,,,,,
Mazda,,,,,
Mazda,,,,,
Mazda,,,,,
Mazda,,,,,
Mazda,,,,,
Mazda,,,,,
Mazda,,,,,
Mazda,,,,,
Mazda,,,,,
Mazda,,,,,
Mazda,,,,,
Mazda,,,,,
Mazda,,,,,
Mazda,,,,,
Mazda,,,,,
Mazda,,,,,
Mazda,,,,,
Mazda,,,,,
McLaren,,,,,
McLaren,,,,,
McLaren,,,,,
McLaren,,,,,
McLaren,,,,,
McLaren,,,,,
McLaren,,,,,
McLaren,,,,,
McLaren,,,,,
McLaren,,,,,
McLaren,,,,,
Mercedes,,,,,
Mercedes,,,,,
Mercedes,,,,,
Mercedes,,,,,
Mercedes,,,,,
Mercedes,,,,,
Mercedes,,,,,
Mercedes,,,,,
Mercedes,,,,,
Mercedes,,,,,
Mercedes,,,,,
Mercedes,,,,,
Mercedes,,,,,
Mercedes,,,,,
Mercedes,,,,,
Mercedes,,,,,
Mercedes,,,,,
Mercedes,,,,,
Mercedes,,,,,
Mercedes,,,,,
Mercedes,,,,,
Mercedes,,,,,
Mercedes,,,,,
Mercedes,,,,,
Mercedes,,,,,
Mercedes,,,,,
Mercedes,,,,,
Mercedes,,,,,
Mercedes,,,,,
Mercedes,,,,,
Mercedes,,,,,
Mercedes,,,,,
Mercedes,,,,,
Mercedes,,,,,
Mercedes,,,,,
Mercedes,,,,,
Mercedes,,,,,
Mercedes,,,,,
Mercedes,,,,,
Mercedes,,,,,
Mercedes,,,,,
Mercedes,,,,,
Mercedes,,,,,
Mercedes,,,,,
Mercury,,,,,
Mercury,,,,,
Mercury,,,,,
Mercury,,,,,
Mercury,,,,,
Mercury,,,,,
Mercury,,,,,
MG,,,,,
MG,,,,,
MG,,,,,
MG,,,,,
MG,,,,,
MG,,,,,
MG,,,,,
Mini,,,,,
Mini,,,,,
Mini,,,,,
Mini,,,,,
Mini,,,,,
Mini,,,,,
Mini,,,,,
Mini,,,,,
Mini,,,,,
Mini,,,,,
Mitsubishi,,,,,
Mitsubishi,,,,,
Mitsubishi,,,,,
Mitsubishi,,,,,
Mitsubishi,,,,,
Mitsubishi,,,,,
Mitsubishi,,,,,
Mitsubishi,,,,,
Mitsubishi,,,,,
Mitsubishi,,,,,
Mitsubishi,,,,,
Mitsubishi,,,,,
Mitsubishi,,,,,
Mitsubishi,,,,,
Mitsubishi,,,,,
Mitsubishi,,,,,
Mitsubishi,,,,,
Mitsubishi,,,,,
Mitsubishi,,,,,
Mitsubishi,,,,,
Mitsubishi,,,,,
Mitsubishi,,,,,
Mitsubishi,,,,,
Mitsubishi,,,,,
Mitsubishi,,,,,
Mitsubishi,,,,,
Nissan,,,,,
Nissan,,,,,
Nissan,,,,,
Nissan,,,,,
Nissan,,,,,
Nissan,,,,,
Nissan,,,,,
Nissan,,,,,
Nissan,,,,,
Nissan,,,,,
Nissan,,,,,
Nissan,,,,,
Nissan,,,,,
Nissan,,,,,
Nissan,,,,,
Nissan,,,,,
Nissan,,,,,
Nissan,,,,,
Nissan,,,,,
Nissan,,,,,
Nissan,,,,,
Nissan,,,,,
Nissan,,,,,
Nissan,,,,,
Nissan,,,,,
Nissan,,,,,
Nissan,,,,,
Nissan,,,,,
Nissan,,,,,
Nissan,,,,,
Nissan,,,,,
Nissan,,,,,
Nissan,,,,,
Nissan,,,,,
Nissan,,,,,
Nissan,,,,,
Nissan,,,,,
Noble,,,,,
Opel,,,,,
Opel,,,,,
Opel,,,,,
Opel,,,,,
Opel,,,,,
Opel,,,,,
Opel,,,,,
Opel,,,,,
Opel,,,,,
Opel,,,,,
Opel,,,,,
Opel,,,,,
Opel,,,,,
Opel,,,,,
Opel,,,,,
Opel,,,,,
Opel,,,,,
Opel,,,,,
Opel,,,,,
Opel,,,,,
Opel,,,,,
Opel,,,,,
Opel,,,,,
Opel,,,,,
Opel,,,,,
Opel,,,,,
Opel,,,,,
Opel,,,,,
Opel,,,,,
Peugeot,,,,,
Peugeot,,,,,
Peugeot,,,,,
Peugeot,,,,,
Peugeot,,,,,
Peugeot,,,,,
Peugeot,,,,,
Peugeot,,,,,
Peugeot,,,,,
Peugeot,,,,,
Peugeot,,,,,
Peugeot,,,,,
Peugeot,,,,,
Peugeot,,,,,
Peugeot,,,,,
Peugeot,,,,,
Peugeot,,,,,
Peugeot,,,,,
Peugeot,,,,,
Peugeot,,,,,
Peugeot,,,,,
Peugeot,,,,,
Peugeot,,,,,
Peugeot,,,,,
Peugeot,,,,,
Peugeot,,,,,
Peugeot,,,,,
Plymouth,,,,,
Pontiac,,,,,
Pontiac,,,,,
Pontiac,,,,,
Pontiac,,,,,
Pontiac,,,,,
Pontiac,,,,,
Pontiac,,,,,
Pontiac,,,,,
Pontiac,,,,,
Pontiac,,,,,
Pontiac,,,,,
Pontiac,,,,,
Pontiac,,,,,
Pontiac,,,,,
Porsche,,,,,
Porsche,,,,,
Porsche,,,,,
Porsche,,,,,
Porsche,,,,,
Porsche,,,,,
Porsche,,,,,
Porsche,,,,,
Porsche,,,,,
Ravon,,,,,
Renault,,,,,
Renault,,,,,
Renault,,,,,
Renault,,,,,
Renault,,,,,
Renault,,,,,
Renault,,,,,
Renault,,,,,
Renault,,,,,
Renault,,,,,
Renault,,,,,
Renault,,,,,
Renault,,,,,
Renault,,,,,
Renault,,,,,
Renault,,,,,
Renault,,,,,
Renault,,,,,
Renault,,,,,
Renault,,,,,
Renault,,,,,
Renault,,,,,
Renault,,,,,
Renault,,,,,
Renault,,,,,
Renault,,,,,
Renault,,,,,
Renault,,,,,
Renault,,,,,
Renault,,,,,
Renault,,,,,
Renault,,,,,
Renault,,,,,
Renault,,,,,
Renault,,,,,
Rolls-Royce,,,,,
Rolls-Royce,,,,,
Rolls-Royce,,,,,
Rolls-Royce,,,,,
Rolls-Royce,,,,,
Rover,,,,,
Rover,,,,,
Rover,,,,,
Rover,,,,,
Rover,,,,,
Rover,,,,,
Saab,,,,,
Saab,,,,,
Saab,,,,,
Saab,,,,,
Saab,,,,,
Saturn,,,,,
Saturn,,,,,
Saturn,,,,,
Saturn,,,,,
Saturn,,,,,
Saturn,,,,,
Scion,,,,,
Scion,,,,,
Scion,,,,,
Scion,,,,,
Scion,,,,,
Seat,,,,,
Seat,,,,,
Seat,,,,,
Seat,,,,,
Seat,,,,,
Seat,,,,,
Seat,,,,,
Seat,,,,,
Seat,,,,,
Seat,,,,,
Seat,,,,,
Seat,,,,,
Seat,,,,,
Seat,,,,,
Skoda,,,,,
Skoda,,,,,
Skoda,,,,,
Skoda,,,,,
Skoda,,,,,
Skoda,,,,,
Skoda,,,,,
Skoda,,,,,
Skoda,,,,,
Skoda,,,,,
Skoda,,,,,
Skoda,,,,,
Skoda,,,,,
Skoda,,,,,
Skoda,,,,,
Skoda,,,,,
Skoda,,,,,
Smart,,,,,
Smart,,,,,
Smart,,,,,
Ssang Yong,,,,,
Ssang Yong,,,,,
Ssang Yong,,,,,
Ssang Yong,,,,,
Ssang Yong,,,,,
Ssang Yong,,,,,
Ssang Yong,,,,,
Ssang Yong,,,,,
Ssang Yong,,,,,
Ssang Yong,,,,,
Ssang Yong,,,,,
Ssang Yong,,,,,
Ssang Yong,,,,,
Ssang Yong,,,,,
Ssang Yong,,,,,
Subaru,,,,,
Subaru,,,,,
Subaru,,,,,
Subaru,,,,,
Subaru,,,,,
Subaru,,,,,
Subaru,,,,,
Subaru,,,,,
Subaru,,,,,
Subaru,,,,,
Subaru,,,,,
Subaru,,,,,
Subaru,,,,,
Subaru,,,,,
Subaru,,,,,
Suzuki,,,,,
Suzuki,,,,,
Suzuki,,,,,
Suzuki,,,,,
Suzuki,,,,,
Suzuki,,,,,
Suzuki,,,,,
Suzuki,,,,,
Suzuki,,,,,
Suzuki,,,,,
Suzuki,,,,,
Suzuki,,,,,
Suzuki,,,,,
Suzuki,,,,,
Suzuki,,,,,
Suzuki,,,,,
Suzuki,,,,,
Suzuki,,,,,
Suzuki,,,,,
Suzuki,,,,,
Tesla,,,,,
Tesla,,,,,
Tesla,,,,,
Tesla,,,,,
Toyota,,,,,
Toyota,,,,,
Toyota,,,,,
Toyota,,,,,
Toyota,,,,,
Toyota,,,,,
Toyota,,,,,
Toyota,,,,,
Toyota,,,,,
Toyota,,,,,
Toyota,,,,,
Toyota,,,,,
Toyota,,,,,
Toyota,,,,,
Toyota,,,,,
Toyota,,,,,
Toyota,,,,,
Toyota,,,,,
Toyota,,,,,
Toyota,,,,,
Toyota,,,,,
Toyota,,,,,
Toyota,,,,,
Toyota,,,,,
Toyota,,,,,
Toyota,,,,,
Toyota,,,,,
Toyota,,,,,
Toyota,,,,,
Toyota,,,,,
Toyota,,,,,
Toyota,,,,,
Toyota,,,,,
Toyota,,,,,
Toyota,,,,,
Toyota,,,,,
Toyota,,,,,
Toyota,,,,,
Toyota,,,,,
Toyota,,,,,
Toyota,,,,,
Toyota,,,,,
UAZ,,,,,
UAZ,,,,,
UAZ,,,,,
VAZ,,,,,
VAZ,,,,1984,2004
VAZ,,,,1996,2014
VAZ,,,,1997,2015
VAZ,,,,,
VAZ,,,,,
VAZ,,,,,
VAZ,,,,,
VAZ,,,,,
VAZ,,,,,
VAZ,,,,,
VAZ,,,,,
VAZ,,,,,
VAZ,,,,,
VAZ,,,,,
VAZ,,,,,
VAZ,,,,,
VAZ,,,,,
VAZ,,,,,
VAZ,,,,,
VAZ,,,,,
Volkswagen,,,,,
Volkswagen,,,,,
Volkswagen,,,,,
Volkswagen,,,,,
Volkswagen,,,,,
Volkswagen,,,,,
Volkswagen,,,,,
Volkswagen,,,,,
Volkswagen,,,,,
Volkswagen,,,,,
Volkswagen,,,,,
Volkswagen,,,,,
Volkswagen,,,,,
Volkswagen,,,,,
Volkswagen,,,,,
Volkswagen,,,,,
Volkswagen,,,,,
Volkswagen,,,,,
Volkswagen,,,,,
Volkswagen,,,,,
Volkswagen,,,,,
Volkswagen,,,,,
Volkswagen,,,,,
Volkswagen,,,,,
Volkswagen,,,,,
Volkswagen,,,,,
Volkswagen,,,,,
Volkswagen,,,,,
Volkswagen,,,,,
Volkswagen,,,,,
Volkswagen,,,,,
Volkswagen,,,,,
Volkswagen,,,,,
Volkswagen,,,,,
Volvo,,,,,
Volvo,,,,,
Volvo,,,,,
Volvo,,,,,
Volvo,,,,,
Volvo,,,,,
Volvo,,,,,
Volvo,,,,,
Volvo,,,,,
Volvo,,,,,
Volvo,,,,,
Volvo,,,,,
Volvo,,,,,
Volvo,,,,,
Volvo,,,,,
Volvo,,,,,
Volvo,,,,,
Volvo,,,,,
Volvo,,,,,
